Organism,Codon,Amino Acid,Count
Bsubtilis,GGC,Ala,1.0
Bsubtilis,TGC,Ala,5.0
Bsubtilis,ACG,Arg,4.0
Bsubtilis,CCG,Arg,1.0
Bsubtilis,CCT,Arg,1.0
Bsubtilis,TCT,Arg,1.0
Bsubtilis,GTT,Asn,4.0
Bsubtilis,GTC,Asp,4.0
Bsubtilis,GCA,Cys,1.0
Bsubtilis,CAT,fMet,3.0
Bsubtilis,TTG,Gln,4.0
Bsubtilis,TTC,Glu,6.0
Bsubtilis,GCC,Gly,4.0
Bsubtilis,TCC,Gly,3.0
Bsubtilis,GTG,His,2.0
Bsubtilis,GAT,Ile,3.0
Bsubtilis,CAT,Ile2,1.0
Bsubtilis,CAA,Leu,1.0
Bsubtilis,CAG,Leu,1.0
Bsubtilis,GAG,Leu,1.0
Bsubtilis,TAA,Leu,3.0
Bsubtilis,TAG,Leu,2.0
Bsubtilis,TTT,Lys,4.0
Bsubtilis,CAT,Met,2.0
Bsubtilis,GAA,Phe,3.0
Bsubtilis,TGG,Pro,3.0
Bsubtilis,GCT,Ser,2.0
Bsubtilis,GGA,Ser,1.0
Bsubtilis,TGA,Ser,2.0
Bsubtilis,GGT,Thr,1.0
Bsubtilis,TGT,Thr,4.0
Bsubtilis,CCA,Trp,1.0
Bsubtilis,GTA,Tyr,2.0
Bsubtilis,GAC,Val,1.0
Bsubtilis,TAC,Val,4.0
Ecoli,GGC,Ala,2.0
Ecoli,TGC,Ala,3.0
Ecoli,ACG,Arg,4.0
Ecoli,CCG,Arg,1.0
Ecoli,CCT,Arg,1.0
Ecoli,TCT,Arg,1.0
Ecoli,GTT,Asn,4.0
Ecoli,GTC,Asp,3.0
Ecoli,GCA,Cys,1.0
Ecoli,CAT,fMet,4.0
Ecoli,CTG,Gln,2.0
Ecoli,TTG,Gln,2.0
Ecoli,TTC,Glu,4.0
Ecoli,CCC,Gly,1.0
Ecoli,GCC,Gly,4.0
Ecoli,TCC,Gly,1.0
Ecoli,GTG,His,1.0
Ecoli,GAT,Ile,3.0
Ecoli,CAT,Ile2,2.0
Ecoli,CAA,Leu,1.0
Ecoli,CAG,Leu,4.0
Ecoli,GAG,Leu,1.0
Ecoli,TAA,Leu,1.0
Ecoli,TAG,Leu,1.0
Ecoli,TTT,Lys,6.0
Ecoli,CAT,Met,2.0
Ecoli,GAA,Phe,2.0
Ecoli,CGG,Pro,1.0
Ecoli,GGG,Pro,1.0
Ecoli,TGG,Pro,1.0
Ecoli,TCA,SeC,1.0
Ecoli,CGA,Ser,1.0
Ecoli,GCT,Ser,1.0
Ecoli,GGA,Ser,2.0
Ecoli,TGA,Ser,1.0
Ecoli,CGT,Thr,2.0
Ecoli,GGT,Thr,2.0
Ecoli,TGT,Thr,1.0
Ecoli,CCA,Trp,1.0
Ecoli,GTA,Tyr,3.0
Ecoli,GAC,Val,2.0
Ecoli,TAC,Val,5.0
HSalinarum,CGC,Ala,2.0
HSalinarum,GGC,Ala,1.0
HSalinarum,TGC,Ala,1.0
HSalinarum,CCG,Arg,1.0
HSalinarum,CCT,Arg,1.0
HSalinarum,GCG,Arg,1.0
HSalinarum,TCG,Arg,1.0
HSalinarum,TCT,Arg,1.0
HSalinarum,GTT,Asn,1.0
HSalinarum,GTC,Asp,1.0
HSalinarum,GCA,Cys,1.0
HSalinarum,CTG,Gln,1.0
HSalinarum,TTG,Gln,1.0
HSalinarum,CTC,Glu,1.0
HSalinarum,TTC,Glu,1.0
HSalinarum,CCC,Gly,1.0
HSalinarum,GCC,Gly,1.0
HSalinarum,TCC,Gly,1.0
HSalinarum,GTG,His,1.0
HSalinarum,GAT,Ile,1.0
HSalinarum,CAT,Ile2,1.0
HSalinarum,CAT,iMet,1.0
HSalinarum,CAA,Leu,1.0
HSalinarum,CAG,Leu,1.0
HSalinarum,GAG,Leu,1.0
HSalinarum,TAA,Leu,1.0
HSalinarum,TAG,Leu,1.0
HSalinarum,CTT,Lys,1.0
HSalinarum,TTT,Lys,1.0
HSalinarum,CAT,Met,1.0
HSalinarum,GAA,Phe,1.0
HSalinarum,CGG,Pro,1.0
HSalinarum,GGG,Pro,1.0
HSalinarum,TGG,Pro,1.0
HSalinarum,CGA,Ser,1.0
HSalinarum,GCT,Ser,1.0
HSalinarum,GGA,Ser,1.0
HSalinarum,TGA,Ser,1.0
HSalinarum,CGT,Thr,1.0
HSalinarum,GGT,Thr,1.0
HSalinarum,TGT,Thr,1.0
HSalinarum,CCA,Trp,1.0
HSalinarum,GTA,Tyr,1.0
HSalinarum,CAC,Val,1.0
HSalinarum,GAC,Val,1.0
HSalinarum,TAC,Val,1.0
Pputida,GGC,Ala,3.0
Pputida,TGC,Ala,3.0
Pputida,ACG,Arg,4.0
Pputida,CCG,Arg,1.0
Pputida,CCT,Arg,1.0
Pputida,TCT,Arg,1.0
Pputida,GTT,Asn,2.0
Pputida,GTC,Asp,5.0
Pputida,GCA,Cys,1.0
Pputida,CAT,fMet,4.0
Pputida,TTG,Gln,2.0
Pputida,TTC,Glu,5.0
Pputida,CCC,Gly,1.0
Pputida,GCC,Gly,4.0
Pputida,TCC,Gly,1.0
Pputida,GTG,His,2.0
Pputida,GAT,Ile,3.0
Pputida,CAT,Ile2,1.0
Pputida,CAA,Leu,1.0
Pputida,CAG,Leu,2.0
Pputida,GAG,Leu,1.0
Pputida,TAA,Leu,1.0
Pputida,TAG,Leu,1.0
Pputida,TTT,Lys,3.0
Pputida,CAT,Met,1.0
Pputida,GAA,Phe,1.0
Pputida,CGG,Pro,1.0
Pputida,GGG,Pro,1.0
Pputida,TGG,Pro,2.0
Pputida,TCA,SeC,1.0
Pputida,CGA,Ser,1.0
Pputida,GCT,Ser,1.0
Pputida,GGA,Ser,1.0
Pputida,TGA,Ser,1.0
Pputida,CGT,Thr,1.0
Pputida,GGT,Thr,1.0
Pputida,TGT,Thr,1.0
Pputida,CCA,Trp,1.0
Pputida,GTA,Tyr,1.0
Pputida,GAC,Val,2.0
Pputida,TAC,Val,3.0
SCerevisiae,AGC,Ala,11.0
SCerevisiae,TGC,Ala,6.0
SCerevisiae,ACG,Arg,6.0
SCerevisiae,CCG,Arg,1.0
SCerevisiae,CCT,Arg,1.0
SCerevisiae,TCT,Arg,12.0
SCerevisiae,GTT,Asn,11.0
SCerevisiae,GTC,Asp,16.0
SCerevisiae,GCA,Cys,4.0
SCerevisiae,CTG,Gln,1.0
SCerevisiae,TTG,Gln,9.0
SCerevisiae,CTC,Glu,2.0
SCerevisiae,TTC,Glu,14.0
SCerevisiae,CCC,Gly,2.0
SCerevisiae,GCC,Gly,16.0
SCerevisiae,TCC,Gly,3.0
SCerevisiae,GTG,His,8.0
SCerevisiae,AAT,Ile,13.0
SCerevisiae,GAT,Ile,1.0
SCerevisiae,TAT,Ile,2.0
SCerevisiae,CAT,iMet,5.0
SCerevisiae,CAA,Leu,10.0
SCerevisiae,GAG,Leu,1.0
SCerevisiae,TAA,Leu,8.0
SCerevisiae,TAG,Leu,3.0
SCerevisiae,CTT,Lys,14.0
SCerevisiae,TTT,Lys,8.0
SCerevisiae,CAT,Met,6.0
SCerevisiae,GAA,Phe,11.0
SCerevisiae,AGG,Pro,2.0
SCerevisiae,TGG,Pro,10.0
SCerevisiae,AGA,Ser,11.0
SCerevisiae,CGA,Ser,1.0
SCerevisiae,GCT,Ser,4.0
SCerevisiae,TGA,Ser,4.0
SCerevisiae,TCA,Sup,1.0
SCerevisiae,AGT,Thr,11.0
SCerevisiae,CGT,Thr,1.0
SCerevisiae,TGT,Thr,5.0
SCerevisiae,CCA,Trp,6.0
SCerevisiae,GTA,Tyr,8.0
SCerevisiae,AAC,Val,14.0
SCerevisiae,CAC,Val,2.0
SCerevisiae,TAC,Val,3.0
Senterica,GGC,Ala,2.0
Senterica,TGC,Ala,3.0
Senterica,ACG,Arg,4.0
Senterica,CCG,Arg,1.0
Senterica,CCT,Arg,2.0
Senterica,TCT,Arg,3.0
Senterica,GTT,Asn,4.0
Senterica,GTC,Asp,3.0
Senterica,GCA,Cys,1.0
Senterica,CAT,fMet,3.0
Senterica,CTG,Gln,2.0
Senterica,TTG,Gln,2.0
Senterica,TTC,Glu,4.0
Senterica,CCC,Gly,1.0
Senterica,GCC,Gly,4.0
Senterica,TCC,Gly,1.0
Senterica,GTG,His,1.0
Senterica,GAT,Ile,3.0
Senterica,CAT,Ile2,1.0
Senterica,CAA,Leu,1.0
Senterica,CAG,Leu,4.0
Senterica,GAG,Leu,1.0
Senterica,TAA,Leu,1.0
Senterica,TAG,Leu,1.0
Senterica,TTT,Lys,5.0
Senterica,CAT,Met,2.0
Senterica,GAA,Phe,2.0
Senterica,CGG,Pro,1.0
Senterica,GGG,Pro,1.0
Senterica,TGG,Pro,1.0
Senterica,TCA,SeC,1.0
Senterica,CGA,Ser,1.0
Senterica,GCT,Ser,1.0
Senterica,GGA,Ser,2.0
Senterica,TGA,Ser,1.0
Senterica,CGT,Thr,1.0
Senterica,GGT,Thr,2.0
Senterica,TGT,Thr,1.0
Senterica,CCA,Trp,1.0
Senterica,GTA,Tyr,3.0
Senterica,NNN,Undet,2.0
Senterica,GAC,Val,2.0
Senterica,TAC,Val,4.0
