organism,codon,amino_acid,codon_count,rscu
Escherichia coli K-12,AAA,K,46070,1.53074
Escherichia coli K-12,AAC,N,29513,1.09740
Escherichia coli K-12,AAG,K,14123,0.46926
Escherichia coli K-12,AAT,N,24274,0.90260
Escherichia coli K-12,ACA,T,9668,0.52548
Escherichia coli K-12,ACC,T,31979,1.73813
Escherichia coli K-12,ACG,T,19744,1.07313
Escherichia coli K-12,ACT,T,12203,0.66326
Escherichia coli K-12,AGA,R,2903,0.23002
Escherichia coli K-12,AGC,S,21939,1.65901
Escherichia coli K-12,AGG,R,1653,0.13098
Escherichia coli K-12,AGT,S,12002,0.90758
Escherichia coli K-12,ATA,I,6010,0.21999
Escherichia coli K-12,ATC,I,34387,1.25869
Escherichia coli K-12,ATG,M,38033,1.00000
Escherichia coli K-12,ATT,I,41562,1.52132
Escherichia coli K-12,CAA,Q,21057,0.69560
Escherichia coli K-12,CAC,H,13307,0.85899
Escherichia coli K-12,CAG,Q,39486,1.30440
Escherichia coli K-12,CAT,H,17676,1.14101
Escherichia coli K-12,CCA,P,11560,0.76616
Escherichia coli K-12,CCC,P,7485,0.49608
Escherichia coli K-12,CCG,P,31718,2.10217
Escherichia coli K-12,CCT,P,9590,0.63559
Escherichia coli K-12,CGA,R,4929,0.39055
Escherichia coli K-12,CGC,R,30135,2.38775
Escherichia coli K-12,CGG,R,7510,0.59506
Escherichia coli K-12,CGT,R,28594,2.26565
Escherichia coli K-12,CTA,L,5360,0.22101
Escherichia coli K-12,CTC,L,15182,0.62600
Escherichia coli K-12,CTG,L,72092,2.97256
Escherichia coli K-12,CTT,L,15115,0.62323
Escherichia coli K-12,GAA,E,53961,1.37833
Escherichia coli K-12,GAC,D,26055,0.74516
Escherichia coli K-12,GAG,E,24338,0.62167
Escherichia coli K-12,GAT,D,43876,1.25484
Escherichia coli K-12,GCA,A,27552,0.85226
Escherichia coli K-12,GCC,A,34959,1.08138
Escherichia coli K-12,GCG,A,45962,1.42174
Escherichia coli K-12,GCT,A,20839,0.64461
Escherichia coli K-12,GGA,G,10865,0.43377
Escherichia coli K-12,GGC,G,40484,1.61626
Escherichia coli K-12,GGG,G,15073,0.60176
Escherichia coli K-12,GGT,G,33770,1.34821
Escherichia coli K-12,GTA,V,14907,0.61768
Escherichia coli K-12,GTC,V,20897,0.86588
Escherichia coli K-12,GTG,V,35794,1.48315
Escherichia coli K-12,GTT,V,24937,1.03328
Escherichia coli K-12,TAA,*,2920,1.83455
Escherichia coli K-12,TAC,Y,16694,0.86163
Escherichia coli K-12,TAG,*,385,0.24188
Escherichia coli K-12,TAT,Y,22056,1.13837
Escherichia coli K-12,TCA,S,9807,0.74160
Escherichia coli K-12,TCC,S,11789,0.89147
Escherichia coli K-12,TCG,S,12235,0.92520
Escherichia coli K-12,TCT,S,11573,0.87514
Escherichia coli K-12,TGA,*,1470,0.92356
Escherichia coli K-12,TGC,C,8893,1.11190
Escherichia coli K-12,TGG,W,21020,1.00000
Escherichia coli K-12,TGT,C,7103,0.88810
Escherichia coli K-12,TTA,L,19008,0.78375
Escherichia coli K-12,TTC,F,22606,0.85333
Escherichia coli K-12,TTG,L,18758,0.77345
Escherichia coli K-12,TTT,F,30377,1.14667
Bacillus subtilis 168,AAA,K,61016,1.40333
Bacillus subtilis 168,AAC,N,21134,0.86912
Bacillus subtilis 168,AAG,K,25943,0.59667
Bacillus subtilis 168,AAT,N,27499,1.13088
Bacillus subtilis 168,ACA,T,27484,1.64782
Bacillus subtilis 168,ACC,T,10596,0.63529
Bacillus subtilis 168,ACG,T,17875,1.07171
Bacillus subtilis 168,ACT,T,10761,0.64518
Bacillus subtilis 168,AGA,R,13238,1.57805
Bacillus subtilis 168,AGC,S,17429,1.35334
Bacillus subtilis 168,AGG,R,4712,0.56170
Bacillus subtilis 168,AGT,S,8168,0.63424
Bacillus subtilis 168,ATA,I,11619,0.38430
Bacillus subtilis 168,ATC,I,33304,1.10153
Bacillus subtilis 168,ATG,M,33365,1.00000
Bacillus subtilis 168,ATT,I,45780,1.51417
Bacillus subtilis 168,CAA,Q,24201,1.02529
Bacillus subtilis 168,CAC,H,9124,0.65321
Bacillus subtilis 168,CAG,Q,23007,0.97471
Bacillus subtilis 168,CAT,H,18812,1.34679
Bacillus subtilis 168,CCA,P,8598,0.76274
Bacillus subtilis 168,CCC,P,4003,0.35511
Bacillus subtilis 168,CCG,P,19582,1.73715
Bacillus subtilis 168,CCT,P,12907,1.14500
Bacillus subtilis 168,CGA,R,4969,0.59234
Bacillus subtilis 168,CGC,R,10408,1.24070
Bacillus subtilis 168,CGG,R,7857,0.93660
Bacillus subtilis 168,CGT,R,9149,1.09062
Bacillus subtilis 168,CTA,L,6088,0.30577
Bacillus subtilis 168,CTC,L,13425,0.67426
Bacillus subtilis 168,CTG,L,28686,1.44074
Bacillus subtilis 168,CTT,L,28582,1.43551
Bacillus subtilis 168,GAA,E,60708,1.35961
Bacillus subtilis 168,GAC,D,22949,0.71961
Bacillus subtilis 168,GAG,E,28594,0.64039
Bacillus subtilis 168,GAT,D,40833,1.28039
Bacillus subtilis 168,GCA,A,26724,1.13031
Bacillus subtilis 168,GCC,A,19592,0.82866
Bacillus subtilis 168,GCG,A,24868,1.05181
Bacillus subtilis 168,GCT,A,23388,0.98921
Bacillus subtilis 168,GGA,G,26788,1.25891
Bacillus subtilis 168,GGC,G,28905,1.35840
Bacillus subtilis 168,GGG,G,13778,0.64750
Bacillus subtilis 168,GGT,G,15644,0.73519
Bacillus subtilis 168,GTA,V,16457,0.78913
Bacillus subtilis 168,GTC,V,21390,1.02568
Bacillus subtilis 168,GTG,V,21866,1.04850
Bacillus subtilis 168,GTT,V,23705,1.13669
Bacillus subtilis 168,TAA,*,2675,1.89403
Bacillus subtilis 168,TAC,Y,14862,0.69221
Bacillus subtilis 168,TAG,*,602,0.42624
Bacillus subtilis 168,TAT,Y,28079,1.30779
Bacillus subtilis 168,TCA,S,18267,1.41841
Bacillus subtilis 168,TCC,S,9831,0.76337
Bacillus subtilis 168,TCG,S,7738,0.60085
Bacillus subtilis 168,TCT,S,15838,1.22980
Bacillus subtilis 168,TGA,*,960,0.67973
Bacillus subtilis 168,TGC,C,5297,1.09408
Bacillus subtilis 168,TGG,W,12722,1.00000
Bacillus subtilis 168,TGT,C,4386,0.90592
Bacillus subtilis 168,TTA,L,23665,1.18856
Bacillus subtilis 168,TTC,F,17452,0.63025
Bacillus subtilis 168,TTG,L,19018,0.95517
Bacillus subtilis 168,TTT,F,37929,1.36975
Salmonella enterica LT2,AAA,K,45435,1.47667
Salmonella enterica LT2,AAC,N,28775,1.05839
Salmonella enterica LT2,AAG,K,16102,0.52333
Salmonella enterica LT2,AAT,N,25600,0.94161
Salmonella enterica LT2,ACA,T,8286,0.42281
Salmonella enterica LT2,ACC,T,33469,1.70782
Salmonella enterica LT2,ACG,T,27005,1.37798
Salmonella enterica LT2,ACT,T,9630,0.49139
Salmonella enterica LT2,AGA,R,3387,0.25190
Salmonella enterica LT2,AGC,S,25038,1.80969
Salmonella enterica LT2,AGG,R,2383,0.17723
Salmonella enterica LT2,AGT,S,10520,0.76036
Salmonella enterica LT2,ATA,I,7695,0.27281
Salmonella enterica LT2,ATC,I,34885,1.23676
Salmonella enterica LT2,ATG,M,39275,1.00000
Salmonella enterica LT2,ATT,I,42040,1.49043
Salmonella enterica LT2,CAA,Q,18266,0.58413
Salmonella enterica LT2,CAC,H,13690,0.83608
Salmonella enterica LT2,CAG,Q,44275,1.41587
Salmonella enterica LT2,CAT,H,19058,1.16392
Salmonella enterica LT2,CCA,P,8272,0.51890
Salmonella enterica LT2,CCC,P,9962,0.62491
Salmonella enterica LT2,CCG,P,35254,2.21146
Salmonella enterica LT2,CCT,P,10278,0.64473
Salmonella enterica LT2,CGA,R,5130,0.38153
Salmonella enterica LT2,CGC,R,33228,2.47122
Salmonella enterica LT2,CGG,R,9959,0.74067
Salmonella enterica LT2,CGT,R,26589,1.97747
Salmonella enterica LT2,CTA,L,7047,0.27790
Salmonella enterica LT2,CTC,L,14975,0.59054
Salmonella enterica LT2,CTG,L,76504,3.01692
Salmonella enterica LT2,CTT,L,16956,0.66866
Salmonella enterica LT2,GAA,E,50319,1.25933
Salmonella enterica LT2,GAC,D,29029,0.78067
Salmonella enterica LT2,GAG,E,29595,0.74067
Salmonella enterica LT2,GAT,D,45340,1.21933
Salmonella enterica LT2,GCA,A,18621,0.53387
Salmonella enterica LT2,GCC,A,41793,1.19821
Salmonella enterica LT2,GCG,A,60845,1.74443
Salmonella enterica LT2,GCT,A,18259,0.52349
Salmonella enterica LT2,GGA,G,12520,0.47607
Salmonella enterica LT2,GGC,G,50590,1.92368
Salmonella enterica LT2,GGG,G,17263,0.65643
Salmonella enterica LT2,GGT,G,24821,0.94382
Salmonella enterica LT2,GTA,V,16224,0.64529
Salmonella enterica LT2,GTC,V,26088,1.03763
Salmonella enterica LT2,GTG,V,36090,1.43545
Salmonella enterica LT2,GTT,V,22166,0.88163
Salmonella enterica LT2,TAA,*,2707,1.78209
Salmonella enterica LT2,TAC,Y,16529,0.80453
Salmonella enterica LT2,TAG,*,432,0.28440
Salmonella enterica LT2,TAT,Y,24561,1.19547
Salmonella enterica LT2,TCA,S,8966,0.64804
Salmonella enterica LT2,TCC,S,14508,1.04861
Salmonella enterica LT2,TCG,S,13640,0.98587
Salmonella enterica LT2,TCT,S,10341,0.74743
Salmonella enterica LT2,TGA,*,1418,0.93351
Salmonella enterica LT2,TGC,C,9546,1.15646
Salmonella enterica LT2,TGG,W,21770,1.00000
Salmonella enterica LT2,TGT,C,6963,0.84354
Salmonella enterica LT2,TTA,L,18959,0.74764
Salmonella enterica LT2,TTC,F,21800,0.79070
Salmonella enterica LT2,TTG,L,17709,0.69835
Salmonella enterica LT2,TTT,F,33341,1.20930
Pseudomonas putida KT2440,AAA,K,17443,0.56251
Pseudomonas putida KT2440,AAC,N,42990,1.58051
Pseudomonas putida KT2440,AAG,K,44575,1.43749
Pseudomonas putida KT2440,AAT,N,11410,0.41949
Pseudomonas putida KT2440,ACA,T,6079,0.27800
Pseudomonas putida KT2440,ACC,T,57864,2.64621
Pseudomonas putida KT2440,ACG,T,15468,0.70738
Pseudomonas putida KT2440,ACT,T,8056,0.36841
Pseudomonas putida KT2440,AGA,R,1856,0.09243
Pseudomonas putida KT2440,AGC,S,43529,2.53392
Pseudomonas putida KT2440,AGG,R,3936,0.19601
Pseudomonas putida KT2440,AGT,S,9448,0.54999
Pseudomonas putida KT2440,ATA,I,3555,0.12763
Pseudomonas putida KT2440,ATC,I,62895,2.25805
Pseudomonas putida KT2440,ATG,M,41749,1.00000
Pseudomonas putida KT2440,ATT,I,17111,0.61432
Pseudomonas putida KT2440,CAA,Q,19775,0.46281
Pseudomonas putida KT2440,CAC,H,28437,1.32573
Pseudomonas putida KT2440,CAG,Q,65681,1.53719
Pseudomonas putida KT2440,CAT,H,14463,0.67427
Pseudomonas putida KT2440,CCA,P,12683,0.56815
Pseudomonas putida KT2440,CCC,P,20710,0.92773
Pseudomonas putida KT2440,CCG,P,45097,2.02018
Pseudomonas putida KT2440,CCT,P,10803,0.48393
Pseudomonas putida KT2440,CGA,R,5710,0.28435
Pseudomonas putida KT2440,CGC,R,67047,3.33888
Pseudomonas putida KT2440,CGG,R,18548,0.92367
Pseudomonas putida KT2440,CGT,R,23387,1.16465
Pseudomonas putida KT2440,CTA,L,4603,0.12911
Pseudomonas putida KT2440,CTC,L,26798,0.75164
Pseudomonas putida KT2440,CTG,L,137274,3.85032
Pseudomonas putida KT2440,CTT,L,12559,0.35226
Pseudomonas putida KT2440,GAA,E,50017,0.96819
Pseudomonas putida KT2440,GAC,D,68135,1.39892
Pseudomonas putida KT2440,GAG,E,53304,1.03181
Pseudomonas putida KT2440,GAT,D,29276,0.60108
Pseudomonas putida KT2440,GCA,A,24383,0.47828
Pseudomonas putida KT2440,GCC,A,106731,2.09355
Pseudomonas putida KT2440,GCG,A,51563,1.01142
Pseudomonas putida KT2440,GCT,A,21246,0.41675
Pseudomonas putida KT2440,GGA,G,4777,0.13041
Pseudomonas putida KT2440,GGC,G,90531,2.47148
Pseudomonas putida KT2440,GGG,G,21611,0.58998
Pseudomonas putida KT2440,GGT,G,29602,0.80813
Pseudomonas putida KT2440,GTA,V,13524,0.40971
Pseudomonas putida KT2440,GTC,V,38475,1.16560
Pseudomonas putida KT2440,GTG,V,67703,2.05106
Pseudomonas putida KT2440,GTT,V,12333,0.37363
Pseudomonas putida KT2440,TAA,*,1214,0.63483
Pseudomonas putida KT2440,TAC,Y,33949,1.45426
Pseudomonas putida KT2440,TAG,*,666,0.34827
Pseudomonas putida KT2440,TAT,Y,12740,0.54574
Pseudomonas putida KT2440,TCA,S,5167,0.30078
Pseudomonas putida KT2440,TCC,S,15318,0.89170
Pseudomonas putida KT2440,TCG,S,25315,1.47364
Pseudomonas putida KT2440,TCT,S,4294,0.24996
Pseudomonas putida KT2440,TGA,*,3857,2.01691
Pseudomonas putida KT2440,TGC,C,15431,1.63421
Pseudomonas putida KT2440,TGG,W,26610,1.00000
Pseudomonas putida KT2440,TGT,C,3454,0.36579
Pseudomonas putida KT2440,TTA,L,2429,0.06813
Pseudomonas putida KT2440,TTC,F,52244,1.60620
Pseudomonas putida KT2440,TTG,L,30253,0.84855
Pseudomonas putida KT2440,TTT,F,12809,0.39380
Saccharomyces cerevisiae S288C,AAA,K,126133,1.17039
Saccharomyces cerevisiae S288C,AAC,N,72713,0.80470
Saccharomyces cerevisiae S288C,AAG,K,89407,0.82961
Saccharomyces cerevisiae S288C,AAT,N,108007,1.19530
Saccharomyces cerevisiae S288C,ACA,T,53500,1.23324
Saccharomyces cerevisiae S288C,ACC,T,36611,0.84393
Saccharomyces cerevisiae S288C,ACG,T,23950,0.55208
Saccharomyces cerevisiae S288C,ACT,T,59466,1.37076
Saccharomyces cerevisiae S288C,AGA,R,61874,2.84716
Saccharomyces cerevisiae S288C,AGC,S,29257,0.66540
Saccharomyces cerevisiae S288C,AGG,R,27746,1.27674
Saccharomyces cerevisiae S288C,AGT,S,42942,0.97664
Saccharomyces cerevisiae S288C,ATA,I,53988,0.84025
Saccharomyces cerevisiae S288C,ATC,I,49845,0.77577
Saccharomyces cerevisiae S288C,ATG,M,60907,1.00000
Saccharomyces cerevisiae S288C,ATT,I,88925,1.38399
Saccharomyces cerevisiae S288C,CAA,Q,79522,1.37158
Saccharomyces cerevisiae S288C,CAC,H,22766,0.71466
Saccharomyces cerevisiae S288C,CAG,Q,36435,0.62842
Saccharomyces cerevisiae S288C,CAT,H,40945,1.28534
Saccharomyces cerevisiae S288C,CCA,P,52297,1.62767
Saccharomyces cerevisiae S288C,CCC,P,20313,0.63221
Saccharomyces cerevisiae S288C,CCG,P,15959,0.49670
Saccharomyces cerevisiae S288C,CCT,P,39951,1.24342
Saccharomyces cerevisiae S288C,CGA,R,9149,0.42100
Saccharomyces cerevisiae S288C,CGC,R,7785,0.35823
Saccharomyces cerevisiae S288C,CGG,R,5405,0.24871
Saccharomyces cerevisiae S288C,CGT,R,18432,0.84816
Saccharomyces cerevisiae S288C,CTA,L,39692,0.85296
Saccharomyces cerevisiae S288C,CTC,L,16280,0.34985
Saccharomyces cerevisiae S288C,CTG,L,31268,0.67193
Saccharomyces cerevisiae S288C,CTT,L,36222,0.77839
Saccharomyces cerevisiae S288C,GAA,E,134282,1.40183
Saccharomyces cerevisiae S288C,GAC,D,59707,0.69668
Saccharomyces cerevisiae S288C,GAG,E,57299,0.59817
Saccharomyces cerevisiae S288C,GAT,D,111697,1.30332
Saccharomyces cerevisiae S288C,GCA,A,47878,1.18735
Saccharomyces cerevisiae S288C,GCC,A,35630,0.88360
Saccharomyces cerevisiae S288C,GCG,A,18168,0.45056
Saccharomyces cerevisiae S288C,GCT,A,59618,1.47849
Saccharomyces cerevisiae S288C,GGA,G,32954,0.90299
Saccharomyces cerevisiae S288C,GGC,G,28741,0.78755
Saccharomyces cerevisiae S288C,GGG,G,17823,0.48838
Saccharomyces cerevisiae S288C,GGT,G,66459,1.82108
Saccharomyces cerevisiae S288C,GTA,V,35673,0.87438
Saccharomyces cerevisiae S288C,GTC,V,32939,0.80736
Saccharomyces cerevisiae S288C,GTG,V,31501,0.77212
Saccharomyces cerevisiae S288C,GTT,V,63080,1.54614
Saccharomyces cerevisiae S288C,TAA,*,2872,1.39916
Saccharomyces cerevisiae S288C,TAC,Y,42854,0.86326
Saccharomyces cerevisiae S288C,TAG,*,1382,0.67327
Saccharomyces cerevisiae S288C,TAT,Y,56430,1.13674
Saccharomyces cerevisiae S288C,TCA,S,56127,1.27650
Saccharomyces cerevisiae S288C,TCC,S,41277,0.93877
Saccharomyces cerevisiae S288C,TCG,S,25575,0.58166
Saccharomyces cerevisiae S288C,TCT,S,68638,1.56104
Saccharomyces cerevisiae S288C,TGA,*,1904,0.92757
Saccharomyces cerevisiae S288C,TGC,C,14076,0.75621
Saccharomyces cerevisiae S288C,TGG,W,30416,1.00000
Saccharomyces cerevisiae S288C,TGT,C,23152,1.24379
Saccharomyces cerevisiae S288C,TTA,L,78075,1.67779
Saccharomyces cerevisiae S288C,TTC,F,52682,0.80987
Saccharomyces cerevisiae S288C,TTG,L,77669,1.66907
Saccharomyces cerevisiae S288C,TTT,F,77418,1.19013
Halobacterium salinarum NRC-1,AAA,K,4904,0.71717
Halobacterium salinarum NRC-1,AAC,N,15423,1.80947
Halobacterium salinarum NRC-1,AAG,K,8772,1.28283
Halobacterium salinarum NRC-1,AAT,N,1624,0.19053
Halobacterium salinarum NRC-1,ACA,T,3749,0.28947
Halobacterium salinarum NRC-1,ACC,T,22744,1.75612
Halobacterium salinarum NRC-1,ACG,T,22536,1.74006
Halobacterium salinarum NRC-1,ACT,T,2776,0.21434
Halobacterium salinarum NRC-1,AGA,R,852,0.10423
Halobacterium salinarum NRC-1,AGC,S,11729,1.74004
Halobacterium salinarum NRC-1,AGG,R,905,0.11071
Halobacterium salinarum NRC-1,AGT,S,2639,0.39150
Halobacterium salinarum NRC-1,ATA,I,753,0.07876
Halobacterium salinarum NRC-1,ATC,I,25214,2.63736
Halobacterium salinarum NRC-1,ATG,M,12423,1.00000
Halobacterium salinarum NRC-1,ATT,I,2714,0.28388
Halobacterium salinarum NRC-1,CAA,Q,3689,0.35038
Halobacterium salinarum NRC-1,CAC,H,15124,1.78824
Halobacterium salinarum NRC-1,CAG,Q,17368,1.64962
Halobacterium salinarum NRC-1,CAT,H,1791,0.21176
Halobacterium salinarum NRC-1,CCA,P,3377,0.38832
Halobacterium salinarum NRC-1,CCC,P,12728,1.46358
Halobacterium salinarum NRC-1,CCG,P,17540,2.01690
Halobacterium salinarum NRC-1,CCT,P,1141,0.13120
Halobacterium salinarum NRC-1,CGA,R,4520,0.55295
Halobacterium salinarum NRC-1,CGC,R,23414,2.86433
Halobacterium salinarum NRC-1,CGG,R,15662,1.91600
Halobacterium salinarum NRC-1,CGT,R,3693,0.45178
Halobacterium salinarum NRC-1,CTA,L,1213,0.11117
Halobacterium salinarum NRC-1,CTC,L,31359,2.87394
Halobacterium salinarum NRC-1,CTG,L,23352,2.14013
Halobacterium salinarum NRC-1,CTT,L,3523,0.32287
Halobacterium salinarum NRC-1,GAA,E,14460,0.54181
Halobacterium salinarum NRC-1,GAC,D,58805,1.73226
Halobacterium salinarum NRC-1,GAG,E,38917,1.45819
Halobacterium salinarum NRC-1,GAT,D,9089,0.26774
Halobacterium salinarum NRC-1,GCA,A,7293,0.30886
Halobacterium salinarum NRC-1,GCC,A,39843,1.68735
Halobacterium salinarum NRC-1,GCG,A,42333,1.79280
Halobacterium salinarum NRC-1,GCT,A,4982,0.21099
Halobacterium salinarum NRC-1,GGA,G,4449,0.28685
Halobacterium salinarum NRC-1,GGC,G,34845,2.24662
Halobacterium salinarum NRC-1,GGG,G,16568,1.06821
Halobacterium salinarum NRC-1,GGT,G,6178,0.39832
Halobacterium salinarum NRC-1,GTA,V,1828,0.10342
Halobacterium salinarum NRC-1,GTC,V,36897,2.08752
Halobacterium salinarum NRC-1,GTG,V,26291,1.48747
Halobacterium salinarum NRC-1,GTT,V,5684,0.32158
Halobacterium salinarum NRC-1,TAA,*,637,0.70962
Halobacterium salinarum NRC-1,TAC,Y,17689,1.75713
Halobacterium salinarum NRC-1,TAG,*,743,0.82770
Halobacterium salinarum NRC-1,TAT,Y,2445,0.24287
Halobacterium salinarum NRC-1,TCA,S,2183,0.32386
Halobacterium salinarum NRC-1,TCC,S,8839,1.31129
Halobacterium salinarum NRC-1,TCG,S,13749,2.03971
Halobacterium salinarum NRC-1,TCT,S,1305,0.19360
Halobacterium salinarum NRC-1,TGA,*,1313,1.46268
Halobacterium salinarum NRC-1,TGC,C,3042,1.10598
Halobacterium salinarum NRC-1,TGG,W,8399,1.00000
Halobacterium salinarum NRC-1,TGT,C,2459,0.89402
Halobacterium salinarum NRC-1,TTA,L,797,0.07304
Halobacterium salinarum NRC-1,TTC,F,22075,1.85022
Halobacterium salinarum NRC-1,TTG,L,5225,0.47885
Halobacterium salinarum NRC-1,TTT,F,1787,0.14978
