organism,amino_acid,anticodon,trna_count
Escherichia coli K-12,Ala,GGC,2
Escherichia coli K-12,Ala,TGC,3
Escherichia coli K-12,Arg,ACG,4
Escherichia coli K-12,Arg,CCG,1
Escherichia coli K-12,Arg,CCT,1
Escherichia coli K-12,Arg,TCT,1
Escherichia coli K-12,Asn,GTT,4
Escherichia coli K-12,Asp,GTC,3
Escherichia coli K-12,Cys,GCA,1
Escherichia coli K-12,Gln,CTG,2
Escherichia coli K-12,Gln,TTG,2
Escherichia coli K-12,Glu,TTC,4
Escherichia coli K-12,Gly,CCC,1
Escherichia coli K-12,Gly,GCC,4
Escherichia coli K-12,Gly,TCC,1
Escherichia coli K-12,His,GTG,1
Escherichia coli K-12,Ile,GAT,3
Escherichia coli K-12,Ile2,CAT,2
Escherichia coli K-12,Leu,CAA,1
Escherichia coli K-12,Leu,CAG,4
Escherichia coli K-12,Leu,GAG,1
Escherichia coli K-12,Leu,TAA,1
Escherichia coli K-12,Leu,TAG,1
Escherichia coli K-12,Lys,TTT,6
Escherichia coli K-12,Met,CAT,2
Escherichia coli K-12,Phe,GAA,2
Escherichia coli K-12,Pro,CGG,1
Escherichia coli K-12,Pro,GGG,1
Escherichia coli K-12,Pro,TGG,1
Escherichia coli K-12,SeC,TCA,1
Escherichia coli K-12,Ser,CGA,1
Escherichia coli K-12,Ser,GCT,1
Escherichia coli K-12,Ser,GGA,2
Escherichia coli K-12,Ser,TGA,1
Escherichia coli K-12,Thr,CGT,2
Escherichia coli K-12,Thr,GGT,2
Escherichia coli K-12,Thr,TGT,1
Escherichia coli K-12,Trp,CCA,1
Escherichia coli K-12,Tyr,GTA,3
Escherichia coli K-12,Val,GAC,2
Escherichia coli K-12,Val,TAC,5
Escherichia coli K-12,fMet,CAT,4
Bacillus subtilis 168,Ala,GGC,1
Bacillus subtilis 168,Ala,TGC,5
Bacillus subtilis 168,Arg,ACG,4
Bacillus subtilis 168,Arg,CCG,1
Bacillus subtilis 168,Arg,CCT,1
Bacillus subtilis 168,Arg,TCT,1
Bacillus subtilis 168,Asn,GTT,4
Bacillus subtilis 168,Asp,GTC,4
Bacillus subtilis 168,Cys,GCA,1
Bacillus subtilis 168,Gln,TTG,4
Bacillus subtilis 168,Glu,TTC,6
Bacillus subtilis 168,Gly,GCC,4
Bacillus subtilis 168,Gly,TCC,3
Bacillus subtilis 168,His,GTG,2
Bacillus subtilis 168,Ile,GAT,3
Bacillus subtilis 168,Ile2,CAT,1
Bacillus subtilis 168,Leu,CAA,1
Bacillus subtilis 168,Leu,CAG,1
Bacillus subtilis 168,Leu,GAG,1
Bacillus subtilis 168,Leu,TAA,3
Bacillus subtilis 168,Leu,TAG,2
Bacillus subtilis 168,Lys,TTT,4
Bacillus subtilis 168,Met,CAT,2
Bacillus subtilis 168,Phe,GAA,3
Bacillus subtilis 168,Pro,TGG,3
Bacillus subtilis 168,Ser,GCT,2
Bacillus subtilis 168,Ser,GGA,1
Bacillus subtilis 168,Ser,TGA,2
Bacillus subtilis 168,Thr,GGT,1
Bacillus subtilis 168,Thr,TGT,4
Bacillus subtilis 168,Trp,CCA,1
Bacillus subtilis 168,Tyr,GTA,2
Bacillus subtilis 168,Val,GAC,1
Bacillus subtilis 168,Val,TAC,4
Bacillus subtilis 168,fMet,CAT,3
Salmonella enterica LT2,Ala,GGC,2
Salmonella enterica LT2,Ala,TGC,3
Salmonella enterica LT2,Arg,ACG,4
Salmonella enterica LT2,Arg,CCG,1
Salmonella enterica LT2,Arg,CCT,2
Salmonella enterica LT2,Arg,TCT,3
Salmonella enterica LT2,Asn,GTT,4
Salmonella enterica LT2,Asp,GTC,3
Salmonella enterica LT2,Cys,GCA,1
Salmonella enterica LT2,Gln,CTG,2
Salmonella enterica LT2,Gln,TTG,2
Salmonella enterica LT2,Glu,TTC,4
Salmonella enterica LT2,Gly,CCC,1
Salmonella enterica LT2,Gly,GCC,4
Salmonella enterica LT2,Gly,TCC,1
Salmonella enterica LT2,His,GTG,1
Salmonella enterica LT2,Ile,GAT,3
Salmonella enterica LT2,Ile2,CAT,1
Salmonella enterica LT2,Leu,CAA,1
Salmonella enterica LT2,Leu,CAG,4
Salmonella enterica LT2,Leu,GAG,1
Salmonella enterica LT2,Leu,TAA,1
Salmonella enterica LT2,Leu,TAG,1
Salmonella enterica LT2,Lys,TTT,5
Salmonella enterica LT2,Met,CAT,2
Salmonella enterica LT2,Phe,GAA,2
Salmonella enterica LT2,Pro,CGG,1
Salmonella enterica LT2,Pro,GGG,1
Salmonella enterica LT2,Pro,TGG,1
Salmonella enterica LT2,SeC,TCA,1
Salmonella enterica LT2,Ser,CGA,1
Salmonella enterica LT2,Ser,GCT,1
Salmonella enterica LT2,Ser,GGA,2
Salmonella enterica LT2,Ser,TGA,1
Salmonella enterica LT2,Thr,CGT,1
Salmonella enterica LT2,Thr,GGT,2
Salmonella enterica LT2,Thr,TGT,1
Salmonella enterica LT2,Trp,CCA,1
Salmonella enterica LT2,Tyr,GTA,3
Salmonella enterica LT2,Val,GAC,2
Salmonella enterica LT2,Val,TAC,4
Salmonella enterica LT2,fMet,CAT,3
Pseudomonas putida KT2440,Ala,GGC,3
Pseudomonas putida KT2440,Ala,TGC,3
Pseudomonas putida KT2440,Arg,ACG,4
Pseudomonas putida KT2440,Arg,CCG,1
Pseudomonas putida KT2440,Arg,CCT,1
Pseudomonas putida KT2440,Arg,TCT,1
Pseudomonas putida KT2440,Asn,GTT,2
Pseudomonas putida KT2440,Asp,GTC,5
Pseudomonas putida KT2440,Cys,GCA,1
Pseudomonas putida KT2440,Gln,TTG,2
Pseudomonas putida KT2440,Glu,TTC,5
Pseudomonas putida KT2440,Gly,CCC,1
Pseudomonas putida KT2440,Gly,GCC,4
Pseudomonas putida KT2440,Gly,TCC,1
Pseudomonas putida KT2440,His,GTG,2
Pseudomonas putida KT2440,Ile,GAT,3
Pseudomonas putida KT2440,Ile2,CAT,1
Pseudomonas putida KT2440,Leu,CAA,1
Pseudomonas putida KT2440,Leu,CAG,2
Pseudomonas putida KT2440,Leu,GAG,1
Pseudomonas putida KT2440,Leu,TAA,1
Pseudomonas putida KT2440,Leu,TAG,1
Pseudomonas putida KT2440,Lys,TTT,3
Pseudomonas putida KT2440,Met,CAT,1
Pseudomonas putida KT2440,Phe,GAA,1
Pseudomonas putida KT2440,Pro,CGG,1
Pseudomonas putida KT2440,Pro,GGG,1
Pseudomonas putida KT2440,Pro,TGG,2
Pseudomonas putida KT2440,SeC,TCA,1
Pseudomonas putida KT2440,Ser,CGA,1
Pseudomonas putida KT2440,Ser,GCT,1
Pseudomonas putida KT2440,Ser,GGA,1
Pseudomonas putida KT2440,Ser,TGA,1
Pseudomonas putida KT2440,Thr,CGT,1
Pseudomonas putida KT2440,Thr,GGT,1
Pseudomonas putida KT2440,Thr,TGT,1
Pseudomonas putida KT2440,Trp,CCA,1
Pseudomonas putida KT2440,Tyr,GTA,1
Pseudomonas putida KT2440,Val,GAC,2
Pseudomonas putida KT2440,Val,TAC,3
Pseudomonas putida KT2440,fMet,CAT,4
Saccharomyces cerevisiae S288C,Ala,AGC,11
Saccharomyces cerevisiae S288C,Ala,TGC,6
Saccharomyces cerevisiae S288C,Arg,ACG,6
Saccharomyces cerevisiae S288C,Arg,CCG,1
Saccharomyces cerevisiae S288C,Arg,CCT,1
Saccharomyces cerevisiae S288C,Arg,TCT,12
Saccharomyces cerevisiae S288C,Asn,GTT,11
Saccharomyces cerevisiae S288C,Asp,GTC,16
Saccharomyces cerevisiae S288C,Cys,GCA,4
Saccharomyces cerevisiae S288C,Gln,CTG,1
Saccharomyces cerevisiae S288C,Gln,TTG,9
Saccharomyces cerevisiae S288C,Glu,CTC,2
Saccharomyces cerevisiae S288C,Glu,TTC,14
Saccharomyces cerevisiae S288C,Gly,CCC,2
Saccharomyces cerevisiae S288C,Gly,GCC,16
Saccharomyces cerevisiae S288C,Gly,TCC,3
Saccharomyces cerevisiae S288C,His,GTG,8
Saccharomyces cerevisiae S288C,Ile,AAT,13
Saccharomyces cerevisiae S288C,Ile,GAT,1
Saccharomyces cerevisiae S288C,Ile,TAT,2
Saccharomyces cerevisiae S288C,Leu,CAA,10
Saccharomyces cerevisiae S288C,Leu,GAG,1
Saccharomyces cerevisiae S288C,Leu,TAA,8
Saccharomyces cerevisiae S288C,Leu,TAG,3
Saccharomyces cerevisiae S288C,Lys,CTT,14
Saccharomyces cerevisiae S288C,Lys,TTT,8
Saccharomyces cerevisiae S288C,Met,CAT,6
Saccharomyces cerevisiae S288C,Phe,GAA,11
Saccharomyces cerevisiae S288C,Pro,AGG,2
Saccharomyces cerevisiae S288C,Pro,TGG,10
Saccharomyces cerevisiae S288C,Ser,AGA,11
Saccharomyces cerevisiae S288C,Ser,CGA,1
Saccharomyces cerevisiae S288C,Ser,GCT,4
Saccharomyces cerevisiae S288C,Ser,TGA,4
Saccharomyces cerevisiae S288C,Sup,TCA,1
Saccharomyces cerevisiae S288C,Thr,AGT,11
Saccharomyces cerevisiae S288C,Thr,CGT,1
Saccharomyces cerevisiae S288C,Thr,TGT,5
Saccharomyces cerevisiae S288C,Trp,CCA,6
Saccharomyces cerevisiae S288C,Tyr,GTA,8
Saccharomyces cerevisiae S288C,Val,AAC,14
Saccharomyces cerevisiae S288C,Val,CAC,2
Saccharomyces cerevisiae S288C,Val,TAC,3
Saccharomyces cerevisiae S288C,iMet,CAT,5
Halobacterium salinarum NRC-1,Ala,CGC,2
Halobacterium salinarum NRC-1,Ala,GGC,1
Halobacterium salinarum NRC-1,Ala,TGC,1
Halobacterium salinarum NRC-1,Arg,CCG,1
Halobacterium salinarum NRC-1,Arg,CCT,1
Halobacterium salinarum NRC-1,Arg,GCG,1
Halobacterium salinarum NRC-1,Arg,TCG,1
Halobacterium salinarum NRC-1,Arg,TCT,1
Halobacterium salinarum NRC-1,Asn,GTT,1
Halobacterium salinarum NRC-1,Asp,GTC,1
Halobacterium salinarum NRC-1,Cys,GCA,1
Halobacterium salinarum NRC-1,Gln,CTG,1
Halobacterium salinarum NRC-1,Gln,TTG,1
Halobacterium salinarum NRC-1,Glu,CTC,1
Halobacterium salinarum NRC-1,Glu,TTC,1
Halobacterium salinarum NRC-1,Gly,CCC,1
Halobacterium salinarum NRC-1,Gly,GCC,1
Halobacterium salinarum NRC-1,Gly,TCC,1
Halobacterium salinarum NRC-1,His,GTG,1
Halobacterium salinarum NRC-1,Ile,GAT,1
Halobacterium salinarum NRC-1,Ile2,CAT,1
Halobacterium salinarum NRC-1,Leu,CAA,1
Halobacterium salinarum NRC-1,Leu,CAG,1
Halobacterium salinarum NRC-1,Leu,GAG,1
Halobacterium salinarum NRC-1,Leu,TAA,1
Halobacterium salinarum NRC-1,Leu,TAG,1
Halobacterium salinarum NRC-1,Lys,CTT,1
Halobacterium salinarum NRC-1,Lys,TTT,1
Halobacterium salinarum NRC-1,Met,CAT,1
Halobacterium salinarum NRC-1,Phe,GAA,1
Halobacterium salinarum NRC-1,Pro,CGG,1
Halobacterium salinarum NRC-1,Pro,GGG,1
Halobacterium salinarum NRC-1,Pro,TGG,1
Halobacterium salinarum NRC-1,Ser,CGA,1
Halobacterium salinarum NRC-1,Ser,GCT,1
Halobacterium salinarum NRC-1,Ser,GGA,1
Halobacterium salinarum NRC-1,Ser,TGA,1
Halobacterium salinarum NRC-1,Thr,CGT,1
Halobacterium salinarum NRC-1,Thr,GGT,1
Halobacterium salinarum NRC-1,Thr,TGT,1
Halobacterium salinarum NRC-1,Trp,CCA,1
Halobacterium salinarum NRC-1,Tyr,GTA,1
Halobacterium salinarum NRC-1,Val,CAC,1
Halobacterium salinarum NRC-1,Val,GAC,1
Halobacterium salinarum NRC-1,Val,TAC,1
Halobacterium salinarum NRC-1,iMet,CAT,1
